Title,Image,h2,sqlogolink_URL,Number,mtxsm_URL,mtxsm,mtxsm_URL1,mtxsm2,subtlelink_URL,subtlelink
Facebook,"https://www.glassdoor.sg/Award/Best-Places-to-Work-2018-LST_KQ0,24.htm",#1,https://www.glassdoor.sg/facebook,4.6,https://www.glassdoor.sg/Reviews/Facebook-Reviews-E40772.htm, See Reviews,https://www.glassdoor.sg/Jobs/Facebook-Jobs-E40772.htm, View Jobs,https://www.glassdoor.sg/Reviews/Employee-Review-Facebook-Inc-RVW17401525.htm," ""Opportunity to build a product that billions of people use around the world. Great perks (health benefits, food, environment, transport, bonuses). Great culture focused on connecting the world."""
Bain & Company,"https://www.glassdoor.sg/Award/Best-Places-to-Work-2018-LST_KQ0,24.htm",#2,"https://www.glassdoor.sg/Overview/Working-at-Bain-and-Company-EI_IE3752.11,27.htm",4.6,https://www.glassdoor.sg/Reviews/Bain-and-Company-Reviews-E3752.htm, See Reviews,https://www.glassdoor.sg/Jobs/Bain-and-Company-Jobs-E3752.htm, View Jobs,https://www.glassdoor.sg/Reviews/Employee-Review-Bain-and-Company-Inc-RVW17442853.htm," ""The people are the number one reason I love working at Bain & Company. Everyday I enjoy the company I am in and continue to..."
Boston Consulting Group,"https://www.glassdoor.sg/Award/Best-Places-to-Work-2018-LST_KQ0,24.htm",#3,"https://www.glassdoor.sg/Overview/Working-at-Boston-Consulting-Group-EI_IE3879.11,34.htm",4.6,https://www.glassdoor.sg/Reviews/Boston-Consulting-Group-Reviews-E3879.htm, See Reviews,https://www.glassdoor.sg/Jobs/Boston-Consulting-Group-Jobs-E3879.htm, View Jobs,https://www.glassdoor.sg/Reviews/Employee-Review-The-Boston-Consulting-Group-Inc-RVW14862358.htm," ""Highly prestigious, unlimited growth potential, top-notch training, peers are the smartest/most creative in the world, free food..."
In-N-Out Burger,"https://www.glassdoor.sg/Award/Best-Places-to-Work-2018-LST_KQ0,24.htm",#4,"https://www.glassdoor.sg/Overview/Working-at-In-N-Out-Burger-EI_IE14276.11,26.htm",4.6,https://www.glassdoor.sg/Reviews/In-N-Out-Burger-Reviews-E14276.htm, See Reviews,https://www.glassdoor.sg/Jobs/In-N-Out-Burger-Jobs-E14276.htm, View Jobs,https://www.glassdoor.sg/Reviews/Employee-Review-In-N-Out-Burger-RVW12954483.htm," ""Extremely flexible with scheduling, you work with similar personalities so everyone tends to get along, you move up quickly, you..."
Google,"https://www.glassdoor.sg/Award/Best-Places-to-Work-2018-LST_KQ0,24.htm",#5,"https://www.glassdoor.sg/Overview/Working-at-Google-EI_IE9079.11,17.htm",4.6,https://www.glassdoor.sg/Reviews/Google-Reviews-E9079.htm, See Reviews,https://www.glassdoor.sg/Jobs/Google-Jobs-E9079.htm, View Jobs,https://www.glassdoor.sg/Reviews/Employee-Review-Google-Inc-RVW16294807.htm," ""Extremely intelligent and competent coworkers, exciting products, great management, amazing perks (insurance options, food..."
lululemon,"https://www.glassdoor.sg/Award/Best-Places-to-Work-2018-LST_KQ0,24.htm",#6,"https://www.glassdoor.sg/Overview/Working-at-lululemon-EI_IE42589.11,20.htm",4.6,https://www.glassdoor.sg/Reviews/lululemon-Reviews-E42589.htm, See Reviews,https://www.glassdoor.sg/Jobs/lululemon-Jobs-E42589.htm, View Jobs,https://www.glassdoor.sg/Reviews/Employee-Review-lululemon-athletica-inc-RVW16545648.htm," ""Awesome team members. Ongoing personal and professional development. Ability to learn, grow, and develop - truly feels like you..."
HubSpot,"https://www.glassdoor.sg/Award/Best-Places-to-Work-2018-LST_KQ0,24.htm",#7,"https://www.glassdoor.sg/Overview/Working-at-HubSpot-EI_IE227605.11,18.htm",4.6,https://www.glassdoor.sg/Reviews/HubSpot-Reviews-E227605.htm, See Reviews,https://www.glassdoor.sg/Jobs/HubSpot-Jobs-E227605.htm, View Jobs,https://www.glassdoor.sg/Reviews/Employee-Review-HubSpot-Inc-RVW16921918.htm," ""There's a culture here where, no matter your role, if you have something to say, your voice will be heard. The people..."
World Wide Technology,"https://www.glassdoor.sg/Award/Best-Places-to-Work-2018-LST_KQ0,24.htm",#8,"https://www.glassdoor.sg/Overview/Working-at-World-Wide-Technology-EI_IE9553.11,32.htm",4.5,https://www.glassdoor.sg/Reviews/World-Wide-Technology-Reviews-E9553.htm, See Reviews,https://www.glassdoor.sg/Jobs/World-Wide-Technology-Jobs-E9553.htm, View Jobs,https://www.glassdoor.sg/Reviews/Employee-Review-World-Wide-Technology-Inc-RVW15564505.htm," ""The executive team is readily available to anyone who reaches out. They are very level-headed and down-to-earth people who put..."
St. Jude Children's Research Hospital,"https://www.glassdoor.sg/Award/Best-Places-to-Work-2018-LST_KQ0,24.htm",#9,"https://www.glassdoor.sg/Overview/Working-at-St-Jude-Children-s-Research-Hospital-EI_IE28315.11,47.htm",4.5,https://www.glassdoor.sg/Reviews/St-Jude-Children-s-Research-Hospital-Reviews-E28315.htm, See Reviews,https://www.glassdoor.sg/Jobs/St-Jude-Children-s-Research-Hospital-Jobs-E28315.htm, View Jobs,https://www.glassdoor.sg/Reviews/Employee-Review-St-Jude-Children-s-Research-Hospital-Inc-RVW17123171.htm," ""The people here are fantastic and welcoming! It feels more like a family career than just a job. The researchers and facilities..."
Ultimate Software,"https://www.glassdoor.sg/Award/Best-Places-to-Work-2018-LST_KQ0,24.htm",#10,"https://www.glassdoor.sg/Overview/Working-at-Ultimate-Software-EI_IE7900.11,28.htm",4.5,https://www.glassdoor.sg/Reviews/Ultimate-Software-Reviews-E7900.htm, See Reviews,https://www.glassdoor.sg/Jobs/Ultimate-Software-Jobs-E7900.htm, View Jobs,https://www.glassdoor.sg/Reviews/Employee-Review-The-Ultimate-Software-Group-Inc-RVW15164161.htm," ""The culture and the values are truly the foundation of this place. The culture of caring for People First comes from our CEO and..."
SAP,"https://www.glassdoor.sg/Award/Best-Places-to-Work-2018-LST_KQ0,24.htm",#11,https://www.glassdoor.sg/sap,4.5,https://www.glassdoor.sg/Reviews/SAP-Reviews-E10471.htm, See Reviews,https://www.glassdoor.sg/Jobs/SAP-Jobs-E10471.htm, View Jobs,https://www.glassdoor.sg/Reviews/Employee-Review-SAP-Aktiengesellschaft-RVW16624770.htm," ""The SAP culture is one of teamwork and empathy. I have always felt that my colleagues and mentors are there to help me, answer..."
McKinsey & Company,"https://www.glassdoor.sg/Award/Best-Places-to-Work-2018-LST_KQ0,24.htm",#12,"https://www.glassdoor.sg/Overview/Working-at-McKinsey-and-Company-EI_IE2893.11,31.htm",4.5,https://www.glassdoor.sg/Reviews/McKinsey-and-Company-Reviews-E2893.htm, See Reviews,https://www.glassdoor.sg/Jobs/McKinsey-and-Company-Jobs-E2893.htm, View Jobs,https://www.glassdoor.sg/Reviews/Employee-Review-McKinsey-and-Company-Inc-RVW17090889.htm," ""The training and development opportunities at McKinsey are incredible. The firm places a tremendous amount of time and resources..."
Keller Williams,"https://www.glassdoor.sg/Award/Best-Places-to-Work-2018-LST_KQ0,24.htm",#13,"https://www.glassdoor.sg/Overview/Working-at-Keller-Williams-EI_IE114145.11,26.htm",4.5,https://www.glassdoor.sg/Reviews/Keller-Williams-Reviews-E114145.htm, See Reviews,https://www.glassdoor.sg/Jobs/Keller-Williams-Jobs-E114145.htm, View Jobs,https://www.glassdoor.sg/Reviews/Employee-Review-Keller-Williams-Realty-Inc-RVW6680687.htm," ""The culture is amazing - you've never met a more caring company!"""
E. & J. Gallo Winery,"https://www.glassdoor.sg/Award/Best-Places-to-Work-2018-LST_KQ0,24.htm",#14,"https://www.glassdoor.sg/Overview/Working-at-E-and-J-Gallo-Winery-EI_IE2778.11,31.htm",4.5,https://www.glassdoor.sg/Reviews/E-and-J-Gallo-Winery-Reviews-E2778.htm, See Reviews,https://www.glassdoor.sg/Jobs/E-and-J-Gallo-Winery-Jobs-E2778.htm, View Jobs,https://www.glassdoor.sg/Reviews/Employee-Review-E-and-J-Gallo-Winery-RVW16069021.htm," ""Great values and still holds true to a ""family"" focused company. Amazing benefits and a solid work/life balance. They..."
Salesforce,"https://www.glassdoor.sg/Award/Best-Places-to-Work-2018-LST_KQ0,24.htm",#15,"https://www.glassdoor.sg/Overview/Working-at-Salesforce-EI_IE11159.11,21.htm",4.5,https://www.glassdoor.sg/Reviews/Salesforce-Reviews-E11159.htm, See Reviews,https://www.glassdoor.sg/Jobs/Salesforce-Jobs-E11159.htm, View Jobs,https://www.glassdoor.sg/Reviews/Employee-Review-Salesforce-RVW15213271.htm," ""This is one amazing place to work. Execs, across the board, are open & interested in your ideas - from any level. The level..."
Power Home Remodeling,"https://www.glassdoor.sg/Award/Best-Places-to-Work-2018-LST_KQ0,24.htm",#16,"https://www.glassdoor.sg/Overview/Working-at-Power-Home-Remodeling-EI_IE405781.11,32.htm",4.5,https://www.glassdoor.sg/Reviews/Power-Home-Remodeling-Reviews-E405781.htm, See Reviews,https://www.glassdoor.sg/Jobs/Power-Home-Remodeling-Jobs-E405781.htm, View Jobs,https://www.glassdoor.sg/Reviews/Employee-Review-Power-Home-Remodeling-Group-LLC-RVW13881499.htm," ""Power is a community where your peers and colleagues constantly encourage you to be your best. You are acknowledged for your..."
Delta Air Lines,"https://www.glassdoor.sg/Award/Best-Places-to-Work-2018-LST_KQ0,24.htm",#17,"https://www.glassdoor.sg/Overview/Working-at-Delta-Air-Lines-EI_IE197.11,26.htm",4.5,https://www.glassdoor.sg/Reviews/Delta-Air-Lines-Reviews-E197.htm, See Reviews,https://www.glassdoor.sg/Jobs/Delta-Air-Lines-Jobs-E197.htm, View Jobs,https://www.glassdoor.sg/Reviews/Employee-Review-Delta-Air-Lines-Inc-RVW12929897.htm," ""Employees have a vested interest in improving reliability and performance of the airline, so teamwork among all departments is..."
Academy Mortgage,"https://www.glassdoor.sg/Award/Best-Places-to-Work-2018-LST_KQ0,24.htm",#18,"https://www.glassdoor.sg/Overview/Working-at-Academy-Mortgage-EI_IE336856.11,27.htm",4.5,https://www.glassdoor.sg/Reviews/Academy-Mortgage-Reviews-E336856.htm, See Reviews,https://www.glassdoor.sg/Jobs/Academy-Mortgage-Jobs-E336856.htm, View Jobs,https://www.glassdoor.sg/Reviews/Employee-Review-Academy-Mortgage-Corporation-RVW14789100.htm," ""Academy's management truly cares about the customer, AND the employee. Where other companies talk about doing what is best..."
The Church of Jesus Christ of Latter-day Saints,"https://www.glassdoor.sg/Award/Best-Places-to-Work-2018-LST_KQ0,24.htm",#19,"https://www.glassdoor.sg/Overview/Working-at-The-Church-of-Jesus-Christ-of-Latter-day-Saints-EI_IE122747.11,58.htm",4.5,https://www.glassdoor.sg/Reviews/The-Church-of-Jesus-Christ-of-Latter-day-Saints-Reviews-E122747.htm, See Reviews,https://www.glassdoor.sg/Jobs/The-Church-of-Jesus-Christ-of-Latter-day-Saints-Jobs-E122747.htm, View Jobs,https://www.glassdoor.sg/Reviews/Employee-Review-The-Church-of-Jesus-Christ-of-Latter-day-Saints-RVW12919850.htm," ""Excellent Dental and Medical coverage. You work with people who don't swear, drink, smoke and have the same values. It makes..."
H E B,"https://www.glassdoor.sg/Award/Best-Places-to-Work-2018-LST_KQ0,24.htm",#20,"https://www.glassdoor.sg/Overview/Working-at-H-E-B-EI_IE2824.11,16.htm",4.5,https://www.glassdoor.sg/Reviews/H-E-B-Reviews-E2824.htm, See Reviews,https://www.glassdoor.sg/Jobs/H-E-B-Jobs-E2824.htm, View Jobs,https://www.glassdoor.sg/Reviews/Employee-Review-H-E-Butt-Grocery-Company-RVW15790360.htm," ""Fun Culture, Latest Tech, Leaders & Company value each person. You are a name not a number."""
LinkedIn,"https://www.glassdoor.sg/Award/Best-Places-to-Work-2018-LST_KQ0,24.htm",#21,"https://www.glassdoor.sg/Overview/Working-at-LinkedIn-EI_IE34865.11,19.htm",4.5,https://www.glassdoor.sg/Reviews/LinkedIn-Reviews-E34865.htm, See Reviews,https://www.glassdoor.sg/Jobs/LinkedIn-Jobs-E34865.htm, View Jobs,https://www.glassdoor.sg/Reviews/Employee-Review-LinkedIn-Corporation-RVW15122614.htm," ""Great perks (free food, free coffee bar rivals starbucks, free juice bar, free ice cream bar, just free bars... i can go on..."
DocuSign,"https://www.glassdoor.sg/Award/Best-Places-to-Work-2018-LST_KQ0,24.htm",#22,"https://www.glassdoor.sg/Overview/Working-at-DocuSign-EI_IE307604.11,19.htm",4.4,https://www.glassdoor.sg/Reviews/DocuSign-Reviews-E307604.htm, See Reviews,https://www.glassdoor.sg/Jobs/DocuSign-Jobs-E307604.htm, View Jobs,https://www.glassdoor.sg/Reviews/Employee-Review-DocuSign-Inc-RVW16699233.htm," ""The people make DocuSign an amazing place to work. Everyone I have met during my time at DocuSign has been kind, considerate, and..."
Southwest Airlines,"https://www.glassdoor.sg/Award/Best-Places-to-Work-2018-LST_KQ0,24.htm",#23,"https://www.glassdoor.sg/Overview/Working-at-Southwest-Airlines-EI_IE611.11,29.htm",4.4,https://www.glassdoor.sg/Reviews/Southwest-Airlines-Reviews-E611.htm, See Reviews,https://www.glassdoor.sg/Jobs/Southwest-Airlines-Jobs-E611.htm, View Jobs,https://www.glassdoor.sg/Reviews/Employee-Review-Southwest-Airlines-Co-RVW16740205.htm," ""Company with a heart, great working environment, fun teams, fast paced work, leaders who care about employee development..."
NVIDIA,"https://www.glassdoor.sg/Award/Best-Places-to-Work-2018-LST_KQ0,24.htm",#24,"https://www.glassdoor.sg/Overview/Working-at-NVIDIA-EI_IE7633.11,17.htm",4.4,https://www.glassdoor.sg/Reviews/NVIDIA-Reviews-E7633.htm, See Reviews,https://www.glassdoor.sg/Jobs/NVIDIA-Jobs-E7633.htm, View Jobs,https://www.glassdoor.sg/Reviews/Employee-Review-NVIDIA-Corporation-RVW13895739.htm," ""Working at Nvidia is fun! The working environment is great, colleagues are very helpful and extremely smart. Everything happens..."
Fast Enterprises,"https://www.glassdoor.sg/Award/Best-Places-to-Work-2018-LST_KQ0,24.htm",#25,"https://www.glassdoor.sg/Overview/Working-at-Fast-Enterprises-EI_IE241404.11,27.htm",4.4,https://www.glassdoor.sg/Reviews/Fast-Enterprises-Reviews-E241404.htm, See Reviews,https://www.glassdoor.sg/Jobs/Fast-Enterprises-Jobs-E241404.htm, View Jobs,https://www.glassdoor.sg/Reviews/Employee-Review-Fast-Enterprises-RVW17267771.htm," ""This company really does a lot to promote a great work atmosphere. From team building events to holiday parties, FAST makes it..."
AvalonBay Communities,"https://www.glassdoor.sg/Award/Best-Places-to-Work-2018-LST_KQ0,24.htm",#26,"https://www.glassdoor.sg/Overview/Working-at-AvalonBay-Communities-EI_IE2616.11,32.htm",4.4,https://www.glassdoor.sg/Reviews/AvalonBay-Communities-Reviews-E2616.htm, See Reviews,https://www.glassdoor.sg/Jobs/AvalonBay-Communities-Jobs-E2616.htm, View Jobs,https://www.glassdoor.sg/Reviews/Employee-Review-AvalonBay-Communities-Inc-RVW16782396.htm," ""Spirit of Caring is real. Partners with American Red Cross to hold on site blood drives and offers a company match during times..."
Nestlé Purina U.S.,"https://www.glassdoor.sg/Award/Best-Places-to-Work-2018-LST_KQ0,24.htm",#27,"https://www.glassdoor.sg/Overview/Working-at-Nestl%C3%A9-Purina-U-S-EI_IE14081.11,28.htm",4.4,https://www.glassdoor.sg/Reviews/Nestl%C3%A9-Purina-U-S-Reviews-E14081.htm, See Reviews,https://www.glassdoor.sg/Jobs/Nestl%C3%A9-Purina-U-S-Jobs-E14081.htm, View Jobs,https://www.glassdoor.sg/Reviews/Employee-Review-Nestl%C3%A9-Purina-U-S-RVW16730706.htm," ""Nestle Purina has created an atmosphere of diversity and inclusion. This organization cares about their employees which in turn..."
Blizzard Entertainment,"https://www.glassdoor.sg/Award/Best-Places-to-Work-2018-LST_KQ0,24.htm",#28,"https://www.glassdoor.sg/Overview/Working-at-Blizzard-Entertainment-EI_IE24858.11,33.htm",4.4,https://www.glassdoor.sg/Reviews/Blizzard-Entertainment-Reviews-E24858.htm, See Reviews,https://www.glassdoor.sg/Jobs/Blizzard-Entertainment-Jobs-E24858.htm, View Jobs,https://www.glassdoor.sg/Reviews/Employee-Review-Blizzard-Entertainment-Inc-RVW14235586.htm," ""The work can be challenging no doubt, but that's part of the attraction to me - building things that we can't build on..."
Paylocity,"https://www.glassdoor.sg/Award/Best-Places-to-Work-2018-LST_KQ0,24.htm",#29,"https://www.glassdoor.sg/Overview/Working-at-Paylocity-EI_IE29987.11,20.htm",4.4,https://www.glassdoor.sg/Reviews/Paylocity-Reviews-E29987.htm, See Reviews,https://www.glassdoor.sg/Jobs/Paylocity-Jobs-E29987.htm, View Jobs,https://www.glassdoor.sg/Reviews/Employee-Review-Paylocity-Corporation-RVW15186670.htm," ""Amazing growing company that puts their employee's and clients first - positive work environment, development opportunities..."
Intuit,"https://www.glassdoor.sg/Award/Best-Places-to-Work-2018-LST_KQ0,24.htm",#30,"https://www.glassdoor.sg/Overview/Working-at-Intuit-EI_IE2293.11,17.htm",4.4,https://www.glassdoor.sg/Reviews/Intuit-Reviews-E2293.htm, See Reviews,https://www.glassdoor.sg/Jobs/Intuit-Jobs-E2293.htm, View Jobs,https://www.glassdoor.sg/Reviews/Employee-Review-Intuit-Inc-RVW15652657.htm," ""Great culture, benefits package continues to innovate and improve, 30+ year old start up that is a bit more mature than the..."
Adobe,"https://www.glassdoor.sg/Award/Best-Places-to-Work-2018-LST_KQ0,24.htm",#31,"https://www.glassdoor.sg/Overview/Working-at-Adobe-EI_IE1090.11,16.htm",4.4,https://www.glassdoor.sg/Reviews/Adobe-Reviews-E1090.htm, See Reviews,https://www.glassdoor.sg/Jobs/Adobe-Jobs-E1090.htm, View Jobs,https://www.glassdoor.sg/Reviews/Employee-Review-Adobe-Systems-Incorporated-RVW13769040.htm," ""People are genuine and collaborative. People are focused on technology and innovation. Conducts a 4 day Tech Summit just for..."
NewYork-Presbyterian Hospital,"https://www.glassdoor.sg/Award/Best-Places-to-Work-2018-LST_KQ0,24.htm",#32,"https://www.glassdoor.sg/Overview/Working-at-NewYork-Presbyterian-Hospital-EI_IE121522.11,40.htm",4.4,https://www.glassdoor.sg/Reviews/NewYork-Presbyterian-Hospital-Reviews-E121522.htm, See Reviews,https://www.glassdoor.sg/Jobs/NewYork-Presbyterian-Hospital-Jobs-E121522.htm, View Jobs,https://www.glassdoor.sg/Reviews/Employee-Review-NewYork-Presbyterian-Hospital-Weill-Cornell-Medical-Center-RVW13057797.htm," ""You'll never find benefits this good at another job. People are cool to work with. Overall more laid back culture than..."
VMware,"https://www.glassdoor.sg/Award/Best-Places-to-Work-2018-LST_KQ0,24.htm",#33,"https://www.glassdoor.sg/Overview/Working-at-VMware-EI_IE12830.11,17.htm",4.4,https://www.glassdoor.sg/Reviews/VMware-Reviews-E12830.htm, See Reviews,https://www.glassdoor.sg/Jobs/VMware-Jobs-E12830.htm, View Jobs,https://www.glassdoor.sg/Reviews/Employee-Review-VMware-Inc-RVW17187578.htm," ""The culture is amazing, work life balance is great, technology and products are great. We have extremely talented folks who are..."
SAP Concur,"https://www.glassdoor.sg/Award/Best-Places-to-Work-2018-LST_KQ0,24.htm",#34,"https://www.glassdoor.sg/Overview/Working-at-SAP-Concur-EI_IE8763.11,21.htm",4.4,https://www.glassdoor.sg/Reviews/SAP-Concur-Reviews-E8763.htm, See Reviews,https://www.glassdoor.sg/Jobs/SAP-Concur-Jobs-E8763.htm, View Jobs,https://www.glassdoor.sg/Reviews/Employee-Review-Concur-Technologies-Inc-RVW17048820.htm," ""Amazing work-life balance, a place that truly cares about its people. They take massive steps towards LGBTQ equality, workplace..."
Boston Scientific,"https://www.glassdoor.sg/Award/Best-Places-to-Work-2018-LST_KQ0,24.htm",#35,"https://www.glassdoor.sg/Overview/Working-at-Boston-Scientific-EI_IE2187.11,28.htm",4.4,https://www.glassdoor.sg/Reviews/Boston-Scientific-Reviews-E2187.htm, See Reviews,https://www.glassdoor.sg/Jobs/Boston-Scientific-Jobs-E2187.htm, View Jobs,https://www.glassdoor.sg/Reviews/Employee-Review-Boston-Scientific-Corporation-RVW14627270.htm," ""Great systems, processes in place that'll give you wonderful experience. Great company culture, employee first attitude..."
Forrester,"https://www.glassdoor.sg/Award/Best-Places-to-Work-2018-LST_KQ0,24.htm",#36,"https://www.glassdoor.sg/Overview/Working-at-Forrester-EI_IE6443.11,20.htm",4.4,https://www.glassdoor.sg/Reviews/Forrester-Reviews-E6443.htm, See Reviews,https://www.glassdoor.sg/Jobs/Forrester-Jobs-E6443.htm, View Jobs,https://www.glassdoor.sg/Reviews/Employee-Review-Forrester-Research-Inc-RVW12998491.htm," ""The training programs are in-depth and beneficial, and the transparency of the executive team is outstanding (and rare!) I feel..."
Kimpton Hotels & Restaurants,"https://www.glassdoor.sg/Award/Best-Places-to-Work-2018-LST_KQ0,24.htm",#37,"https://www.glassdoor.sg/Overview/Working-at-Kimpton-Hotels-and-Restaurants-EI_IE9955.11,41.htm",4.4,https://www.glassdoor.sg/Reviews/Kimpton-Hotels-and-Restaurants-Reviews-E9955.htm, See Reviews,https://www.glassdoor.sg/Jobs/Kimpton-Hotels-and-Restaurants-Jobs-E9955.htm, View Jobs,https://www.glassdoor.sg/Reviews/Employee-Review-Kimpton-Hotel-and-Restaurant-Group-LLC-RVW16597692.htm," ""I am part of a culture that challenges me to be my best self, challenges me to be a leader in the industry and also surrounds my..."
Johnson & Johnson,"https://www.glassdoor.sg/Award/Best-Places-to-Work-2018-LST_KQ0,24.htm",#38,"https://www.glassdoor.sg/Overview/Working-at-Johnson-and-Johnson-EI_IE364.11,30.htm",4.4,https://www.glassdoor.sg/Reviews/Johnson-and-Johnson-Reviews-E364.htm, See Reviews,https://www.glassdoor.sg/Jobs/Johnson-and-Johnson-Jobs-E364.htm, View Jobs,https://www.glassdoor.sg/Reviews/Employee-Review-Johnson-and-Johnson-RVW15325946.htm," ""Great career opportunities and adaptation of disruptive technologies. Supportive management and provides a lot of learning..."
Microsoft,"https://www.glassdoor.sg/Award/Best-Places-to-Work-2018-LST_KQ0,24.htm",#39,"https://www.glassdoor.sg/Overview/Working-at-Microsoft-EI_IE1651.11,20.htm",4.4,https://www.glassdoor.sg/Reviews/Microsoft-Reviews-E1651.htm, See Reviews,https://www.glassdoor.sg/Jobs/Microsoft-Jobs-E1651.htm, View Jobs,https://www.glassdoor.sg/Reviews/Employee-Review-Microsoft-Corporation-RVW16599648.htm," ""Food is great and cheap, work-life balance allows for me to actually be a normal person outside of the weekends. Benefits are..."
Ellie Mae,"https://www.glassdoor.sg/Award/Best-Places-to-Work-2018-LST_KQ0,24.htm",#40,"https://www.glassdoor.sg/Overview/Working-at-Ellie-Mae-EI_IE260441.11,20.htm",4.4,https://www.glassdoor.sg/Reviews/Ellie-Mae-Reviews-E260441.htm, See Reviews,https://www.glassdoor.sg/Jobs/Ellie-Mae-Jobs-E260441.htm, View Jobs,https://www.glassdoor.sg/Reviews/Employee-Review-Ellie-Mae-Inc-RVW14829384.htm," ""Teams are very collaborative and everybody's input is valued. 'You build it, you own it' philosophy ensures that..."
Hilton,"https://www.glassdoor.sg/Award/Best-Places-to-Work-2018-LST_KQ0,24.htm",#41,"https://www.glassdoor.sg/Overview/Working-at-Hilton-EI_IE330.11,17.htm",4.4,https://www.glassdoor.sg/Reviews/Hilton-Reviews-E330.htm, See Reviews,https://www.glassdoor.sg/Jobs/Hilton-Jobs-E330.htm, View Jobs,https://www.glassdoor.sg/Reviews/Employee-Review-Hilton-Hotels-Corporation-RVW17311913.htm," ""Interesting and challenging work. Not just a hospitality company, but also a company focused on technology and innovation..."
Yardi Systems,"https://www.glassdoor.sg/Award/Best-Places-to-Work-2018-LST_KQ0,24.htm",#42,"https://www.glassdoor.sg/Overview/Working-at-Yardi-Systems-EI_IE31057.11,24.htm",4.4,https://www.glassdoor.sg/Reviews/Yardi-Systems-Reviews-E31057.htm, See Reviews,https://www.glassdoor.sg/Jobs/Yardi-Systems-Jobs-E31057.htm, View Jobs,https://www.glassdoor.sg/Reviews/Employee-Review-Yardi-Systems-Inc-RVW12591561.htm," ""The employees are friendly and welcoming, the management cares about the employees, coworkers want to help and are always..."
Smile Brands,"https://www.glassdoor.sg/Award/Best-Places-to-Work-2018-LST_KQ0,24.htm",#43,"https://www.glassdoor.sg/Overview/Working-at-Smile-Brands-EI_IE321628.11,23.htm",4.4,https://www.glassdoor.sg/Reviews/Smile-Brands-Reviews-E321628.htm, See Reviews,https://www.glassdoor.sg/Jobs/Smile-Brands-Jobs-E321628.htm, View Jobs,https://www.glassdoor.sg/Reviews/Employee-Review-Smile-Brands-Inc-RVW16458018.htm," ""They believe in smiles for everyone, patients, employees, and providers. The benefits here are great, 401K, health, vision and..."
Progressive Leasing,"https://www.glassdoor.sg/Award/Best-Places-to-Work-2018-LST_KQ0,24.htm",#44,"https://www.glassdoor.sg/Overview/Working-at-Progressive-Leasing-EI_IE665607.11,30.htm",4.4,https://www.glassdoor.sg/Reviews/Progressive-Leasing-Reviews-E665607.htm, See Reviews,https://www.glassdoor.sg/Jobs/Progressive-Leasing-Jobs-E665607.htm, View Jobs,https://www.glassdoor.sg/Reviews/Employee-Review-Progressive-Leasing-RVW15572560.htm," ""Management truly cares about the individual and we don't feel just like a number here. The culture here is amazing and we..."
Memorial Sloan Kettering,"https://www.glassdoor.sg/Award/Best-Places-to-Work-2018-LST_KQ0,24.htm",#45,"https://www.glassdoor.sg/Overview/Working-at-Memorial-Sloan-Kettering-EI_IE4711.11,35.htm",4.4,https://www.glassdoor.sg/Reviews/Memorial-Sloan-Kettering-Reviews-E4711.htm, See Reviews,https://www.glassdoor.sg/Jobs/Memorial-Sloan-Kettering-Jobs-E4711.htm, View Jobs,https://www.glassdoor.sg/Reviews/Employee-Review-Memorial-Sloan-Kettering-Cancer-Center-MSKCC-RVW16705426.htm," ""Tuition reimbursement, great vacation accrual, ability to move internally. The best part about working at Memorial Sloan..."
Texas Health Resources,"https://www.glassdoor.sg/Award/Best-Places-to-Work-2018-LST_KQ0,24.htm",#46,"https://www.glassdoor.sg/Overview/Working-at-Texas-Health-Resources-EI_IE7647.11,33.htm",4.4,https://www.glassdoor.sg/Reviews/Texas-Health-Resources-Reviews-E7647.htm, See Reviews,https://www.glassdoor.sg/Jobs/Texas-Health-Resources-Jobs-E7647.htm, View Jobs,https://www.glassdoor.sg/Reviews/Employee-Review-Texas-Health-Resources-Inc-RVW15852650.htm," ""Good patient-nurse ratios, great benefits, tuition reimbursement, overall positive work environment, diverse staff and patient..."
Protiviti,"https://www.glassdoor.sg/Award/Best-Places-to-Work-2018-LST_KQ0,24.htm",#47,"https://www.glassdoor.sg/Overview/Working-at-Protiviti-EI_IE30849.11,20.htm",4.3,https://www.glassdoor.sg/Reviews/Protiviti-Reviews-E30849.htm, See Reviews,https://www.glassdoor.sg/Jobs/Protiviti-Jobs-E30849.htm, View Jobs,https://www.glassdoor.sg/Reviews/Employee-Review-Protiviti-Inc-RVW16473858.htm," ""The people/culture is second to none. This is a family. We enjoy working and playing together. The hiring process continues to..."
Oshkosh Corporation,"https://www.glassdoor.sg/Award/Best-Places-to-Work-2018-LST_KQ0,24.htm",#48,"https://www.glassdoor.sg/Overview/Working-at-Oshkosh-Corporation-EI_IE1740.11,30.htm",4.3,https://www.glassdoor.sg/Reviews/Oshkosh-Corporation-Reviews-E1740.htm, See Reviews,https://www.glassdoor.sg/Jobs/Oshkosh-Corporation-Jobs-E1740.htm, View Jobs,https://www.glassdoor.sg/Reviews/Employee-Review-Oshkosh-Corporation-RVW17129152.htm," ""People first culture. Talented teams throughout the company willing to help. Very successful, yet committed to being even better..."
Wegmans Food Markets,"https://www.glassdoor.sg/Award/Best-Places-to-Work-2018-LST_KQ0,24.htm",#49,"https://www.glassdoor.sg/Overview/Working-at-Wegmans-Food-Markets-EI_IE3042.11,31.htm",4.3,https://www.glassdoor.sg/Reviews/Wegmans-Food-Markets-Reviews-E3042.htm, See Reviews,https://www.glassdoor.sg/Jobs/Wegmans-Food-Markets-Jobs-E3042.htm, View Jobs,https://www.glassdoor.sg/Reviews/Employee-Review-Wegmans-Food-Markets-Inc-RVW16204487.htm," ""Great work environment, decent pay and benefits for retail work. Encouraged to grow and move up in company. Friendly..."
SpaceX,"https://www.glassdoor.sg/Award/Best-Places-to-Work-2018-LST_KQ0,24.htm",#50,"https://www.glassdoor.sg/Overview/Working-at-SpaceX-EI_IE40371.11,17.htm",4.3,https://www.glassdoor.sg/Reviews/SpaceX-Reviews-E40371.htm, See Reviews,https://www.glassdoor.sg/Jobs/SpaceX-Jobs-E40371.htm, View Jobs,https://www.glassdoor.sg/Reviews/Employee-Review-Space-Exploration-Technologies-Corporation-RVW17404252.htm," ""There is not a lot of red-tape to prevent you from getting actual work done. Everyone here is trusted to make smart decisions so..."
Discount Tire,"https://www.glassdoor.sg/Award/Best-Places-to-Work-2018-LST_KQ0,24.htm",#51,"https://www.glassdoor.sg/Overview/Working-at-Discount-Tire-EI_IE6632.11,24.htm",4.3,https://www.glassdoor.sg/Reviews/Discount-Tire-Reviews-E6632.htm, See Reviews,https://www.glassdoor.sg/Jobs/Discount-Tire-Jobs-E6632.htm, View Jobs,https://www.glassdoor.sg/Reviews/Employee-Review-Discount-Tire-Co-Inc-RVW14509100.htm," ""Pay, people, bonuses, parties, annual outings, integrity. There’s not enough good that can really be said about the way things..."
Eli Lilly and Company,"https://www.glassdoor.sg/Award/Best-Places-to-Work-2018-LST_KQ0,24.htm",#52,"https://www.glassdoor.sg/Overview/Working-at-Eli-Lilly-and-Company-EI_IE223.11,32.htm",4.3,https://www.glassdoor.sg/Reviews/Eli-Lilly-and-Company-Reviews-E223.htm, See Reviews,https://www.glassdoor.sg/Jobs/Eli-Lilly-and-Company-Jobs-E223.htm, View Jobs,https://www.glassdoor.sg/Reviews/Employee-Review-Eli-Lilly-and-Company-RVW16955143.htm," ""A company that truly care about their workers and about their employees . Great benefits and great atmosphere all around."""
NIKE,"https://www.glassdoor.sg/Award/Best-Places-to-Work-2018-LST_KQ0,24.htm",#53,"https://www.glassdoor.sg/Overview/Working-at-NIKE-EI_IE1699.11,15.htm",4.3,https://www.glassdoor.sg/Reviews/NIKE-Reviews-E1699.htm, See Reviews,https://www.glassdoor.sg/Jobs/NIKE-Jobs-E1699.htm, View Jobs,https://www.glassdoor.sg/Reviews/Employee-Review-NIKE-Inc-RVW13399734.htm," ""Work-life balance allows for working from home and having flexible hours. Team atmosphere leads to support and healthy..."
United Airlines,"https://www.glassdoor.sg/Award/Best-Places-to-Work-2018-LST_KQ0,24.htm",#55,"https://www.glassdoor.sg/Overview/Working-at-United-Airlines-EI_IE683.11,26.htm",4.3,https://www.glassdoor.sg/Reviews/United-Airlines-Reviews-E683.htm, See Reviews,https://www.glassdoor.sg/Jobs/United-Airlines-Jobs-E683.htm, View Jobs,https://www.glassdoor.sg/Reviews/Employee-Review-UAL-Corporation-RVW15540237.htm," ""The flight benefits! Fly wherever you want for free! Working in the iconic Sears Tower is priceless."""
Electronic Arts,"https://www.glassdoor.sg/Award/Best-Places-to-Work-2018-LST_KQ0,24.htm",#56,"https://www.glassdoor.sg/Overview/Working-at-Electronic-Arts-EI_IE1628.11,26.htm",4.3,https://www.glassdoor.sg/Reviews/Electronic-Arts-Reviews-E1628.htm, See Reviews,https://www.glassdoor.sg/Jobs/Electronic-Arts-Jobs-E1628.htm, View Jobs,https://www.glassdoor.sg/Reviews/Employee-Review-Electronic-Arts-Inc-RVW15292178.htm," ""The environment is positive, challenging and supportive. I love working with my team and my manager. I feel supported and i feel..."
Zillow,"https://www.glassdoor.sg/Award/Best-Places-to-Work-2018-LST_KQ0,24.htm",#57,"https://www.glassdoor.sg/Overview/Working-at-Zillow-EI_IE40802.11,17.htm",4.3,https://www.glassdoor.sg/Reviews/Zillow-Reviews-E40802.htm, See Reviews,https://www.glassdoor.sg/Jobs/Zillow-Jobs-E40802.htm, View Jobs,https://www.glassdoor.sg/Reviews/Employee-Review-Zillow-Inc-RVW14420241.htm," ""Colleagues are very competent, knowledgeable, respectful and open to new ideas and concepts."""
Capital Group,"https://www.glassdoor.sg/Award/Best-Places-to-Work-2018-LST_KQ0,24.htm",#58,"https://www.glassdoor.sg/Overview/Working-at-Capital-Group-EI_IE9441.11,24.htm",4.3,https://www.glassdoor.sg/Reviews/Capital-Group-Reviews-E9441.htm, See Reviews,https://www.glassdoor.sg/Jobs/Capital-Group-Jobs-E9441.htm, View Jobs,https://www.glassdoor.sg/Reviews/Employee-Review-The-Capital-Group-Companies-Inc-RVW16105490.htm," ""Capital Group is a rare organization that practices what it preaches. If you are willing to put in the effort to improve yourself..."
Roche,"https://www.glassdoor.sg/Award/Best-Places-to-Work-2018-LST_KQ0,24.htm",#59,"https://www.glassdoor.sg/Overview/Working-at-Roche-EI_IE3480.11,16.htm",4.3,https://www.glassdoor.sg/Reviews/Roche-Reviews-E3480.htm, See Reviews,https://www.glassdoor.sg/Jobs/Roche-Jobs-E3480.htm, View Jobs,https://www.glassdoor.sg/Reviews/Employee-Review-Roche-Holding-Ltd-RVW15258610.htm," ""Roche attracts top talent and professionals passionate about Healthcare and doing now what patients need next. Work life balance..."
3M,"https://www.glassdoor.sg/Award/Best-Places-to-Work-2018-LST_KQ0,24.htm",#60,"https://www.glassdoor.sg/Overview/Working-at-3M-EI_IE446.11,13.htm",4.3,https://www.glassdoor.sg/Reviews/3M-Reviews-E446.htm, See Reviews,https://www.glassdoor.sg/Jobs/3M-Jobs-E446.htm, View Jobs,https://www.glassdoor.sg/Reviews/Employee-Review-3M-Company-RVW15374651.htm," ""Wonderful benefits, educated and professional workforce, opportunity for advancement. Good company with great culture."""
REI,"https://www.glassdoor.sg/Award/Best-Places-to-Work-2018-LST_KQ0,24.htm",#61,"https://www.glassdoor.sg/Overview/Working-at-REI-EI_IE7319.11,14.htm",4.3,https://www.glassdoor.sg/Reviews/REI-Reviews-E7319.htm, See Reviews,https://www.glassdoor.sg/Jobs/REI-Jobs-E7319.htm, View Jobs,https://www.glassdoor.sg/Reviews/Employee-Review-Recreational-Equipment-Inc-RVW13541100.htm," ""Great work/life balance, employee focused company, great discounts on gear, overall positive culture."""
Procter & Gamble,"https://www.glassdoor.sg/Award/Best-Places-to-Work-2018-LST_KQ0,24.htm",#62,"https://www.glassdoor.sg/Overview/Working-at-Procter-and-Gamble-EI_IE544.11,29.htm",4.3,https://www.glassdoor.sg/Reviews/Procter-and-Gamble-Reviews-E544.htm, See Reviews,https://www.glassdoor.sg/Jobs/Procter-and-Gamble-Jobs-E544.htm, View Jobs,https://www.glassdoor.sg/Reviews/Employee-Review-The-Procter-and-Gamble-Company-RVW16292183.htm," ""It's an ethical company that always aims to do the right thing. Lots of movement/opportunities if you want it and are..."
Kronos Incorporated,"https://www.glassdoor.sg/Award/Best-Places-to-Work-2018-LST_KQ0,24.htm",#63,"https://www.glassdoor.sg/Overview/Working-at-Kronos-Incorporated-EI_IE2196.11,30.htm",4.3,https://www.glassdoor.sg/Reviews/Kronos-Incorporated-Reviews-E2196.htm, See Reviews,https://www.glassdoor.sg/Jobs/Kronos-Incorporated-Jobs-E2196.htm, View Jobs,https://www.glassdoor.sg/Reviews/Employee-Review-Kronos-Incorporated-RVW15689263.htm," ""Positive coworkers with most people around be being here for over 8 years. No layoffs in anyone's recent memory. Lots of..."
Kwik Trip,"https://www.glassdoor.sg/Award/Best-Places-to-Work-2018-LST_KQ0,24.htm",#64,"https://www.glassdoor.sg/Overview/Working-at-Kwik-Trip-EI_IE18377.11,20.htm",4.3,https://www.glassdoor.sg/Reviews/Kwik-Trip-Reviews-E18377.htm, See Reviews,https://www.glassdoor.sg/Jobs/Kwik-Trip-Jobs-E18377.htm, View Jobs,https://www.glassdoor.sg/Reviews/Employee-Review-Kwik-Trip-Inc-RVW15100431.htm," ""Great salary, benefits, and profit sharing. Ethical culture."""
Yahoo,"https://www.glassdoor.sg/Award/Best-Places-to-Work-2018-LST_KQ0,24.htm",#65,"https://www.glassdoor.sg/Overview/Working-at-Yahoo-EI_IE5807.11,16.htm",4.3,https://www.glassdoor.sg/Reviews/Yahoo-Reviews-E5807.htm, See Reviews,https://www.glassdoor.sg/Jobs/Yahoo-Jobs-E5807.htm, View Jobs,https://www.glassdoor.sg/Reviews/Employee-Review-Yahoo-Inc-RVW14700642.htm," ""Culture, good technologies , free food and shuttles and onsite perks . Managers really are trained well to engage their employees..."
Arm,"https://www.glassdoor.sg/Award/Best-Places-to-Work-2018-LST_KQ0,24.htm",#66,https://www.glassdoor.sg/arm,4.3,https://www.glassdoor.sg/Reviews/Arm-Reviews-E7834.htm, See Reviews,https://www.glassdoor.sg/Jobs/Arm-Jobs-E7834.htm, View Jobs,https://www.glassdoor.sg/Reviews/Employee-Review-Arm-Limited-RVW17425479.htm," ""A dynamic environment from a company that is always listening to feedback and always willing to change. If they don't get it..."
Northwestern Mutual,"https://www.glassdoor.sg/Award/Best-Places-to-Work-2018-LST_KQ0,24.htm",#67,"https://www.glassdoor.sg/Overview/Working-at-Northwestern-Mutual-EI_IE2919.11,30.htm",4.3,https://www.glassdoor.sg/Reviews/Northwestern-Mutual-Reviews-E2919.htm, See Reviews,https://www.glassdoor.sg/Jobs/Northwestern-Mutual-Jobs-E2919.htm, View Jobs,https://www.glassdoor.sg/Reviews/Employee-Review-The-Northwestern-Mutual-Life-Insurance-Company-Inc-RVW15678755.htm," ""Unbelievable culture, exceptionally strong company, history of excellence and doing what is right by their clients."""
Guidewire,"https://www.glassdoor.sg/Award/Best-Places-to-Work-2018-LST_KQ0,24.htm",#68,"https://www.glassdoor.sg/Overview/Working-at-Guidewire-EI_IE122537.11,20.htm",4.3,https://www.glassdoor.sg/Reviews/Guidewire-Reviews-E122537.htm, See Reviews,https://www.glassdoor.sg/Jobs/Guidewire-Jobs-E122537.htm, View Jobs,https://www.glassdoor.sg/Reviews/Employee-Review-Guidewire-Software-RVW17177695.htm," ""It has perks/fun of a start up (fully decked refrigerators, snacks, sandwiches, bagel days, thirsty Thursdays, onsite gym, fun..."
Capital One,"https://www.glassdoor.sg/Award/Best-Places-to-Work-2018-LST_KQ0,24.htm",#69,"https://www.glassdoor.sg/Overview/Working-at-Capital-One-EI_IE3736.11,22.htm",4.3,https://www.glassdoor.sg/Reviews/Capital-One-Reviews-E3736.htm, See Reviews,https://www.glassdoor.sg/Jobs/Capital-One-Jobs-E3736.htm, View Jobs,https://www.glassdoor.sg/Reviews/Employee-Review-Capital-One-Financial-Corporation-RVW15900699.htm," ""Capital One's forward-thinking, development-focused culture is the main selling point, in my opinion. The company is made up..."
Trader Joe's,"https://www.glassdoor.sg/Award/Best-Places-to-Work-2018-LST_KQ0,24.htm",#70,"https://www.glassdoor.sg/Overview/Working-at-Trader-Joe-s-EI_IE5631.11,23.htm",4.3,https://www.glassdoor.sg/Reviews/Trader-Joe-s-Reviews-E5631.htm, See Reviews,https://www.glassdoor.sg/Jobs/Trader-Joe-s-Jobs-E5631.htm, View Jobs,https://www.glassdoor.sg/Reviews/Employee-Review-Trader-Joe-s-Company-RVW17140949.htm," ""Physically active, great crew, management that is invested in their employees. Great pay for the industry, and excellent benefits..."
Hyatt,"https://www.glassdoor.sg/Award/Best-Places-to-Work-2018-LST_KQ0,24.htm",#71,"https://www.glassdoor.sg/Overview/Working-at-Hyatt-EI_IE2839.11,16.htm",4.3,https://www.glassdoor.sg/Reviews/Hyatt-Reviews-E2839.htm, See Reviews,https://www.glassdoor.sg/Jobs/Hyatt-Jobs-E2839.htm, View Jobs,https://www.glassdoor.sg/Reviews/Employee-Review-Hyatt-Hotels-Corporation-RVW16098187.htm," ""Good benefits, job security, I feel valued and it's a good work culture. Embraces diversity which I think is important..."
Chick-fil-A,"https://www.glassdoor.sg/Award/Best-Places-to-Work-2018-LST_KQ0,24.htm",#72,"https://www.glassdoor.sg/Overview/Working-at-Chick-fil-A-EI_IE5873.11,22.htm",4.3,https://www.glassdoor.sg/Reviews/Chick-fil-A-Reviews-E5873.htm, See Reviews,https://www.glassdoor.sg/Jobs/Chick-fil-A-Jobs-E5873.htm, View Jobs,https://www.glassdoor.sg/Reviews/Employee-Review-Chick-fil-A-Inc-RVW15847817.htm," ""No comparison, this is a great job for a first job, extra money, or for career advancement. Such a loving environment, great..."
Extra Space Storage,"https://www.glassdoor.sg/Award/Best-Places-to-Work-2018-LST_KQ0,24.htm",#73,"https://www.glassdoor.sg/Overview/Working-at-Extra-Space-Storage-EI_IE35227.11,30.htm",4.3,https://www.glassdoor.sg/Reviews/Extra-Space-Storage-Reviews-E35227.htm, See Reviews,https://www.glassdoor.sg/Jobs/Extra-Space-Storage-Jobs-E35227.htm, View Jobs,https://www.glassdoor.sg/Reviews/Employee-Review-Extra-Space-Management-Inc-RVW15731777.htm," ""The people are exceptional. It's a challenging, collaborative, fun environment. The work-life balance is as good as it..."
Slalom,"https://www.glassdoor.sg/Award/Best-Places-to-Work-2018-LST_KQ0,24.htm",#74,"https://www.glassdoor.sg/Overview/Working-at-Slalom-EI_IE31102.11,17.htm",4.3,https://www.glassdoor.sg/Reviews/Slalom-Reviews-E31102.htm, See Reviews,https://www.glassdoor.sg/Jobs/Slalom-Jobs-E31102.htm, View Jobs,https://www.glassdoor.sg/Reviews/Employee-Review-Slalom-LLC-RVW15099926.htm," ""The culture here is amazing! Working across teams, with leaders, with peers is so easy - everyone takes Slalom's values very..."
J. Crew,"https://www.glassdoor.sg/Award/Best-Places-to-Work-2018-LST_KQ0,24.htm",#75,"https://www.glassdoor.sg/Overview/Working-at-J-Crew-EI_IE2848.11,17.htm",4.3,https://www.glassdoor.sg/Reviews/J-Crew-Reviews-E2848.htm, See Reviews,https://www.glassdoor.sg/Jobs/J-Crew-Jobs-E2848.htm, View Jobs,https://www.glassdoor.sg/Reviews/Employee-Review-J-Crew-Group-Inc-RVW14311542.htm," ""There is s great work-life balance here, and they are always trying to improve both the customer and employee experience. Your..."
Stryker,"https://www.glassdoor.sg/Award/Best-Places-to-Work-2018-LST_KQ0,24.htm",#76,"https://www.glassdoor.sg/Overview/Working-at-Stryker-EI_IE1918.11,18.htm",4.3,https://www.glassdoor.sg/Reviews/Stryker-Reviews-E1918.htm, See Reviews,https://www.glassdoor.sg/Jobs/Stryker-Jobs-E1918.htm, View Jobs,https://www.glassdoor.sg/Reviews/Employee-Review-Stryker-Corporation-RVW14597939.htm," ""The company culture is great and it is very easy for your voice to be heard and ideas to be put into action. It may be a Fortune..."
Deloitte,"https://www.glassdoor.sg/Award/Best-Places-to-Work-2018-LST_KQ0,24.htm",#77,"https://www.glassdoor.sg/Overview/Working-at-Deloitte-EI_IE2763.11,19.htm",4.3,https://www.glassdoor.sg/Reviews/Deloitte-Reviews-E2763.htm, See Reviews,https://www.glassdoor.sg/Jobs/Deloitte-Jobs-E2763.htm, View Jobs,https://www.glassdoor.sg/Reviews/Employee-Review-Deloitte-RVW15045228.htm," ""Great people, benefits, PTO - very progressive work environment. Deloitte cares about your life outside of work and offers..."
Toyota North America,"https://www.glassdoor.sg/Award/Best-Places-to-Work-2018-LST_KQ0,24.htm",#78,"https://www.glassdoor.sg/Overview/Working-at-Toyota-North-America-EI_IE3544.11,31.htm",4.3,https://www.glassdoor.sg/Reviews/Toyota-North-America-Reviews-E3544.htm, See Reviews,https://www.glassdoor.sg/Jobs/Toyota-North-America-Jobs-E3544.htm, View Jobs,https://www.glassdoor.sg/Reviews/Employee-Review-Toyota-Motor-Corporation-RVW16639198.htm," ""Toyota prioritizes its employees, treating everyone with respect. Work/life balance is encouraged. Within Toyota are people of..."
T-Mobile,"https://www.glassdoor.sg/Award/Best-Places-to-Work-2018-LST_KQ0,24.htm",#79,"https://www.glassdoor.sg/Overview/Working-at-T-Mobile-EI_IE9302.11,19.htm",4.3,https://www.glassdoor.sg/Reviews/T-Mobile-Reviews-E9302.htm, See Reviews,https://www.glassdoor.sg/Jobs/T-Mobile-Jobs-E9302.htm, View Jobs,https://www.glassdoor.sg/Reviews/Employee-Review-T-Mobile-USA-Inc-RVW14831476.htm," ""T-Mobile is a fun, vibrant place to work with top-notch perks, pay, and benefits. The company hires very carefully in order to..."
Travelers,"https://www.glassdoor.sg/Award/Best-Places-to-Work-2018-LST_KQ0,24.htm",#80,"https://www.glassdoor.sg/Overview/Working-at-Travelers-EI_IE1904.11,20.htm",4.3,https://www.glassdoor.sg/Reviews/Travelers-Reviews-E1904.htm, See Reviews,https://www.glassdoor.sg/Jobs/Travelers-Jobs-E1904.htm, View Jobs,https://www.glassdoor.sg/Reviews/Employee-Review-The-Travelers-Companies-Inc-RVW14569825.htm," ""Afforded incredible opportunities to grow and develop myself, including educational opportunities and on-the-job training and..."
CDW,"https://www.glassdoor.sg/Award/Best-Places-to-Work-2018-LST_KQ0,24.htm",#81,"https://www.glassdoor.sg/Overview/Working-at-CDW-EI_IE2347.11,14.htm",4.3,https://www.glassdoor.sg/Reviews/CDW-Reviews-E2347.htm, See Reviews,https://www.glassdoor.sg/Jobs/CDW-Jobs-E2347.htm, View Jobs,https://www.glassdoor.sg/Reviews/Employee-Review-CDW-LLC-RVW15337570.htm," ""CDW is the leader in our industry. Enabling coworkers, providing rewards and incentives for high performance and constant..."
Accenture,"https://www.glassdoor.sg/Award/Best-Places-to-Work-2018-LST_KQ0,24.htm",#83,"https://www.glassdoor.sg/Overview/Working-at-Accenture-EI_IE4138.11,20.htm",4.3,https://www.glassdoor.sg/Reviews/Accenture-Reviews-E4138.htm, See Reviews,https://www.glassdoor.sg/Jobs/Accenture-Jobs-E4138.htm, View Jobs,https://www.glassdoor.sg/Reviews/Employee-Review-Accenture-Ltd-RVW16059845.htm," ""You get assigned a career counselor - I've never had so much support for my career anywhere I've ever worked."""
Apple,"https://www.glassdoor.sg/Award/Best-Places-to-Work-2018-LST_KQ0,24.htm",#84,"https://www.glassdoor.sg/Overview/Working-at-Apple-EI_IE1138.11,16.htm",4.3,https://www.glassdoor.sg/Reviews/Apple-Reviews-E1138.htm, See Reviews,https://www.glassdoor.sg/Jobs/Apple-Jobs-E1138.htm, View Jobs,https://www.glassdoor.sg/Reviews/Employee-Review-Apple-Inc-RVW17447074.htm," ""Fascinating problems to solve, intelligent and professional peers, the best technical resources available. Everyone here is..."
Darden,"https://www.glassdoor.sg/Award/Best-Places-to-Work-2018-LST_KQ0,24.htm",#85,"https://www.glassdoor.sg/Overview/Working-at-Darden-EI_IE4160.11,17.htm",4.3,https://www.glassdoor.sg/Reviews/Darden-Reviews-E4160.htm, See Reviews,https://www.glassdoor.sg/Jobs/Darden-Jobs-E4160.htm, View Jobs,https://www.glassdoor.sg/Reviews/Employee-Review-Darden-Restaurants-Inc-RVW16968368.htm," ""Great benefits and opportunities. Management is respectful and considerate of quality of life."""
QuikTrip,"https://www.glassdoor.sg/Award/Best-Places-to-Work-2018-LST_KQ0,24.htm",#86,"https://www.glassdoor.sg/Overview/Working-at-QuikTrip-EI_IE2947.11,19.htm",4.3,https://www.glassdoor.sg/Reviews/QuikTrip-Reviews-E2947.htm, See Reviews,https://www.glassdoor.sg/Jobs/QuikTrip-Jobs-E2947.htm, View Jobs,https://www.glassdoor.sg/Reviews/Employee-Review-QuikTrip-Corporation-RVW16694443.htm," ""Compensation, opportunities and benefits. Plenty of opportunities for the employees to grow and succeed. Outstanding benefits..."
Taylor Morrison,"https://www.glassdoor.sg/Award/Best-Places-to-Work-2018-LST_KQ0,24.htm",#87,"https://www.glassdoor.sg/Overview/Working-at-Taylor-Morrison-EI_IE37887.11,26.htm",4.3,https://www.glassdoor.sg/Reviews/Taylor-Morrison-Reviews-E37887.htm, See Reviews,https://www.glassdoor.sg/Jobs/Taylor-Morrison-Jobs-E37887.htm, View Jobs,https://www.glassdoor.sg/Reviews/Employee-Review-Taylor-Morrison-Inc-RVW17010347.htm," ""The atmosphere of teamwork and support is phenomenal. I am a better salesperson today based on my time here. There are not enough..."
Insperity,"https://www.glassdoor.sg/Award/Best-Places-to-Work-2018-LST_KQ0,24.htm",#88,"https://www.glassdoor.sg/Overview/Working-at-Insperity-EI_IE3608.11,20.htm",4.3,https://www.glassdoor.sg/Reviews/Insperity-Reviews-E3608.htm, See Reviews,https://www.glassdoor.sg/Jobs/Insperity-Jobs-E3608.htm, View Jobs,https://www.glassdoor.sg/Reviews/Employee-Review-Insperity-Inc-RVW15203061.htm," ""Great team culture with exceptional professionals at every level! Management allows you to grow both professionally and..."
Cisco Systems,"https://www.glassdoor.sg/Award/Best-Places-to-Work-2018-LST_KQ0,24.htm",#89,"https://www.glassdoor.sg/Overview/Working-at-Cisco-Systems-EI_IE1425.11,24.htm",4.3,https://www.glassdoor.sg/Reviews/Cisco-Systems-Reviews-E1425.htm, See Reviews,https://www.glassdoor.sg/Jobs/Cisco-Systems-Jobs-E1425.htm, View Jobs,https://www.glassdoor.sg/Reviews/Employee-Review-Cisco-Systems-Inc-RVW15859751.htm," ""We have 40 hours a year of volunteer time, I use it to attend my kids field trips and volunteer at school. There is true..."
Massachusetts General Hospital,"https://www.glassdoor.sg/Award/Best-Places-to-Work-2018-LST_KQ0,24.htm",#90,"https://www.glassdoor.sg/Overview/Working-at-Massachusetts-General-Hospital-EI_IE20189.11,41.htm",4.3,https://www.glassdoor.sg/Reviews/Massachusetts-General-Hospital-Reviews-E20189.htm, See Reviews,https://www.glassdoor.sg/Jobs/Massachusetts-General-Hospital-Jobs-E20189.htm, View Jobs,https://www.glassdoor.sg/Reviews/Employee-Review-Massachusetts-General-Hospital-RVW12947424.htm," ""Professional people and resources (i.e., state-of-art instrumentation), good benefits (i.e., medical insurance and pension), and..."
Kaiser Permanente,"https://www.glassdoor.sg/Award/Best-Places-to-Work-2018-LST_KQ0,24.htm",#91,"https://www.glassdoor.sg/Overview/Working-at-Kaiser-Permanente-EI_IE19466.11,28.htm",4.3,https://www.glassdoor.sg/Reviews/Kaiser-Permanente-Reviews-E19466.htm, See Reviews,https://www.glassdoor.sg/Jobs/Kaiser-Permanente-Jobs-E19466.htm, View Jobs,https://www.glassdoor.sg/Reviews/Employee-Review-Kaiser-Permanente-RVW17072440.htm," ""Kaiser from the 1st day, makes you feel like a star, that every employee has a part in the organization. Everyone counts."""
Ceridian,"https://www.glassdoor.sg/Award/Best-Places-to-Work-2018-LST_KQ0,24.htm",#92,"https://www.glassdoor.sg/Overview/Working-at-Ceridian-EI_IE179.11,19.htm",4.3,https://www.glassdoor.sg/Reviews/Ceridian-Reviews-E179.htm, See Reviews,https://www.glassdoor.sg/Jobs/Ceridian-Jobs-E179.htm, View Jobs,https://www.glassdoor.sg/Reviews/Employee-Review-Ceridian-RVW14883380.htm," ""Very encouraging and helpful with career development. I consistently have had access to quality benefits, solid entitlements, and..."
adidas,"https://www.glassdoor.sg/Award/Best-Places-to-Work-2018-LST_KQ0,24.htm",#93,"https://www.glassdoor.sg/Overview/Working-at-adidas-EI_IE10692.11,17.htm",4.3,https://www.glassdoor.sg/Reviews/adidas-Reviews-E10692.htm, See Reviews,https://www.glassdoor.sg/Jobs/adidas-Jobs-E10692.htm, View Jobs,https://www.glassdoor.sg/Reviews/Employee-Review-adidas-AG-RVW16330017.htm," ""Overall cool culture of winners and leadership focus: amazing product, heritage, focus on valuing its employees, fresh POV on..."
Morrison Healthcare,"https://www.glassdoor.sg/Award/Best-Places-to-Work-2018-LST_KQ0,24.htm",#94,"https://www.glassdoor.sg/Overview/Working-at-Morrison-Healthcare-EI_IE5949.11,30.htm",4.3,https://www.glassdoor.sg/Reviews/Morrison-Healthcare-Reviews-E5949.htm, See Reviews,https://www.glassdoor.sg/Jobs/Morrison-Healthcare-Jobs-E5949.htm, View Jobs,https://www.glassdoor.sg/Reviews/Employee-Review-Morrison-Management-Specialists-Inc-RVW16328446.htm," ""Supportive and focused on its people creating team atmosphere. Opportunity is limitless if you are willing to move. Surrounded by..."
Shell,"https://www.glassdoor.sg/Award/Best-Places-to-Work-2018-LST_KQ0,24.htm",#95,"https://www.glassdoor.sg/Overview/Working-at-Shell-EI_IE5833.11,16.htm",4.2,https://www.glassdoor.sg/Reviews/Shell-Reviews-E5833.htm, See Reviews,https://www.glassdoor.sg/Jobs/Shell-Jobs-E5833.htm, View Jobs,https://www.glassdoor.sg/Reviews/Employee-Review-Royal-Dutch-Shell-plc-RVW16856219.htm," ""Expertise is abundant and willing to help, benefits are superb, international opportunities are available, and colleagues are..."
Starbucks,"https://www.glassdoor.sg/Award/Best-Places-to-Work-2018-LST_KQ0,24.htm",#96,"https://www.glassdoor.sg/Overview/Working-at-Starbucks-EI_IE2202.11,20.htm",4.2,https://www.glassdoor.sg/Reviews/Starbucks-Reviews-E2202.htm, See Reviews,https://www.glassdoor.sg/Jobs/Starbucks-Jobs-E2202.htm, View Jobs,https://www.glassdoor.sg/Reviews/Employee-Review-Starbucks-Corporation-RVW16237987.htm," ""Starbucks is definitely a company one can feel proud to be associated with. The people are truly a top priority. The level of..."
Globe Life Liberty National Division,"https://www.glassdoor.sg/Award/Best-Places-to-Work-2018-LST_KQ0,24.htm",#97,"https://www.glassdoor.sg/Overview/Working-at-Globe-Life-Liberty-National-Division-EI_IE19017.11,47.htm",4.2,https://www.glassdoor.sg/Reviews/Globe-Life-Liberty-National-Division-Reviews-E19017.htm, See Reviews,https://www.glassdoor.sg/Jobs/Globe-Life-Liberty-National-Division-Jobs-E19017.htm, View Jobs,https://www.glassdoor.sg/Reviews/Employee-Review-Globe-Life-Liberty-National-Division-RVW15114465.htm," ""Great pay for great performance. The management team is great and helps and encourages you every step of the way . The culture is..."
Walt Disney Company,"https://www.glassdoor.sg/Award/Best-Places-to-Work-2018-LST_KQ0,24.htm",#98,"https://www.glassdoor.sg/Overview/Working-at-Walt-Disney-Company-EI_IE717.11,30.htm",4.2,https://www.glassdoor.sg/Reviews/Walt-Disney-Company-Reviews-E717.htm, See Reviews,https://www.glassdoor.sg/Jobs/Walt-Disney-Company-Jobs-E717.htm, View Jobs,https://www.glassdoor.sg/Reviews/Employee-Review-The-Walt-Disney-Company-RVW15109789.htm," ""Decent starting salaries, great benefits, flexible working hours, awesome brands."""
KPMG,"https://www.glassdoor.sg/Award/Best-Places-to-Work-2018-LST_KQ0,24.htm",#99,"https://www.glassdoor.sg/Overview/Working-at-KPMG-EI_IE2867.11,15.htm",4.2,https://www.glassdoor.sg/Reviews/KPMG-Reviews-E2867.htm, See Reviews,https://www.glassdoor.sg/Jobs/KPMG-Jobs-E2867.htm, View Jobs,https://www.glassdoor.sg/Reviews/Employee-Review-Klynveld-Peat-Marwick-Goerdeler-International-RVW13544728.htm," ""KPMG's culture and career development opportunities are outstanding. Senior leadership is actively visible throughout the..."
BAYADA Home Health Care,"https://www.glassdoor.sg/Award/Best-Places-to-Work-2018-LST_KQ0,24.htm",#100,"https://www.glassdoor.sg/Overview/Working-at-BAYADA-Home-Health-Care-EI_IE153924.11,34.htm",4.2,https://www.glassdoor.sg/Reviews/BAYADA-Home-Health-Care-Reviews-E153924.htm, See Reviews,https://www.glassdoor.sg/Jobs/BAYADA-Home-Health-Care-Jobs-E153924.htm, View Jobs,https://www.glassdoor.sg/Reviews/Employee-Review-BAYADA-Home-Health-Care-RVW17087989.htm," ""Fantastic people focused on the good of our clients. All are connected to a very clear mission of compassion, excellence and..."